name,type,direction,description
cpd_0,string,,enerated molecule index 0 using the MoLeR molecular generator
cpd_1,string,,Generated molecule index 1 using the MoLeR molecular generator
cpd_2,string,,Generated molecule index 2 using the MoLeR molecular generator
cpd_3,string,,Generated molecule index 3 using the MoLeR molecular generator
cpd_4,string,,Generated molecule index 4 using the MoLeR molecular generator
cpd_5,string,,Generated molecule index 5 using the MoLeR molecular generator
cpd_6,string,,Generated molecule index 6 using the MoLeR molecular generator
cpd_7,string,,Generated molecule index 7 using the MoLeR molecular generator
cpd_8,string,,Generated molecule index 8 using the MoLeR molecular generator
cpd_9,string,,Generated molecule index 9 using the MoLeR molecular generator
cpd_10,string,,Generated molecule index 10 using the MoLeR molecular generator
cpd_11,string,,Generated molecule index 11 using the MoLeR molecular generator
cpd_12,string,,Generated molecule index 12 using the MoLeR molecular generator
cpd_13,string,,Generated molecule index 13 using the MoLeR molecular generator
cpd_14,string,,Generated molecule index 14 using the MoLeR molecular generator
cpd_15,string,,Generated molecule index 15 using the MoLeR molecular generator
cpd_16,string,,Generated molecule index 16 using the MoLeR molecular generator
cpd_17,string,,Generated molecule index 17 using the MoLeR molecular generator
cpd_18,string,,Generated molecule index 18 using the MoLeR molecular generator
cpd_19,string,,Generated molecule index 19 using the MoLeR molecular generator
cpd_20,string,,Generated molecule index 20 using the MoLeR molecular generator
cpd_21,string,,Generated molecule index 21 using the MoLeR molecular generator
cpd_22,string,,Generated molecule index 22 using the MoLeR molecular generator
cpd_23,string,,Generated molecule index 23 using the MoLeR molecular generator
cpd_24,string,,Generated molecule index 24 using the MoLeR molecular generator
cpd_25,string,,Generated molecule index 25 using the MoLeR molecular generator
cpd_26,string,,Generated molecule index 26 using the MoLeR molecular generator
cpd_27,string,,Generated molecule index 27 using the MoLeR molecular generator
cpd_28,string,,Generated molecule index 28 using the MoLeR molecular generator
cpd_29,string,,Generated molecule index 29 using the MoLeR molecular generator
cpd_30,string,,Generated molecule index 30 using the MoLeR molecular generator
cpd_31,string,,Generated molecule index 31 using the MoLeR molecular generator
cpd_32,string,,Generated molecule index 32 using the MoLeR molecular generator
cpd_33,string,,Generated molecule index 33 using the MoLeR molecular generator
cpd_34,string,,Generated molecule index 34 using the MoLeR molecular generator
cpd_35,string,,Generated molecule index 35 using the MoLeR molecular generator
cpd_36,string,,Generated molecule index 36 using the MoLeR molecular generator
cpd_37,string,,Generated molecule index 37 using the MoLeR molecular generator
cpd_38,string,,Generated molecule index 38 using the MoLeR molecular generator
cpd_39,string,,Generated molecule index 39 using the MoLeR molecular generator
cpd_40,string,,Generated molecule index 40 using the MoLeR molecular generator
cpd_41,string,,Generated molecule index 41 using the MoLeR molecular generator
cpd_42,string,,Generated molecule index 42 using the MoLeR molecular generator
cpd_43,string,,Generated molecule index 43 using the MoLeR molecular generator
cpd_44,string,,Generated molecule index 44 using the MoLeR molecular generator
cpd_45,string,,Generated molecule index 45 using the MoLeR molecular generator
cpd_46,string,,Generated molecule index 46 using the MoLeR molecular generator
cpd_47,string,,Generated molecule index 47 using the MoLeR molecular generator
cpd_48,string,,Generated molecule index 48 using the MoLeR molecular generator
cpd_49,string,,Generated molecule index 49 using the MoLeR molecular generator
cpd_50,string,,Generated molecule index 50 using the MoLeR molecular generator
cpd_51,string,,Generated molecule index 51 using the MoLeR molecular generator
cpd_52,string,,Generated molecule index 52 using the MoLeR molecular generator
cpd_53,string,,Generated molecule index 53 using the MoLeR molecular generator
cpd_54,string,,Generated molecule index 54 using the MoLeR molecular generator
cpd_55,string,,Generated molecule index 55 using the MoLeR molecular generator
cpd_56,string,,Generated molecule index 56 using the MoLeR molecular generator
cpd_57,string,,Generated molecule index 57 using the MoLeR molecular generator
cpd_58,string,,Generated molecule index 58 using the MoLeR molecular generator
cpd_59,string,,Generated molecule index 59 using the MoLeR molecular generator
cpd_60,string,,Generated molecule index 60 using the MoLeR molecular generator
cpd_61,string,,Generated molecule index 61 using the MoLeR molecular generator
cpd_62,string,,Generated molecule index 62 using the MoLeR molecular generator
cpd_63,string,,Generated molecule index 63 using the MoLeR molecular generator
cpd_64,string,,Generated molecule index 64 using the MoLeR molecular generator
cpd_65,string,,Generated molecule index 65 using the MoLeR molecular generator
cpd_66,string,,Generated molecule index 66 using the MoLeR molecular generator
cpd_67,string,,Generated molecule index 67 using the MoLeR molecular generator
cpd_68,string,,Generated molecule index 68 using the MoLeR molecular generator
cpd_69,string,,Generated molecule index 69 using the MoLeR molecular generator
cpd_70,string,,Generated molecule index 70 using the MoLeR molecular generator
cpd_71,string,,Generated molecule index 71 using the MoLeR molecular generator
cpd_72,string,,Generated molecule index 72 using the MoLeR molecular generator
cpd_73,string,,Generated molecule index 73 using the MoLeR molecular generator
cpd_74,string,,Generated molecule index 74 using the MoLeR molecular generator
cpd_75,string,,Generated molecule index 75 using the MoLeR molecular generator
cpd_76,string,,Generated molecule index 76 using the MoLeR molecular generator
cpd_77,string,,Generated molecule index 77 using the MoLeR molecular generator
cpd_78,string,,Generated molecule index 78 using the MoLeR molecular generator
cpd_79,string,,Generated molecule index 79 using the MoLeR molecular generator
cpd_80,string,,Generated molecule index 80 using the MoLeR molecular generator
cpd_81,string,,Generated molecule index 81 using the MoLeR molecular generator
cpd_82,string,,Generated molecule index 82 using the MoLeR molecular generator
cpd_83,string,,Generated molecule index 83 using the MoLeR molecular generator
cpd_84,string,,Generated molecule index 84 using the MoLeR molecular generator
cpd_85,string,,Generated molecule index 85 using the MoLeR molecular generator
cpd_86,string,,Generated molecule index 86 using the MoLeR molecular generator
cpd_87,string,,Generated molecule index 87 using the MoLeR molecular generator
cpd_88,string,,Generated molecule index 88 using the MoLeR molecular generator
cpd_89,string,,Generated molecule index 89 using the MoLeR molecular generator
cpd_90,string,,Generated molecule index 90 using the MoLeR molecular generator
cpd_91,string,,Generated molecule index 91 using the MoLeR molecular generator
cpd_92,string,,Generated molecule index 92 using the MoLeR molecular generator
cpd_93,string,,Generated molecule index 93 using the MoLeR molecular generator
cpd_94,string,,Generated molecule index 94 using the MoLeR molecular generator
cpd_95,string,,Generated molecule index 95 using the MoLeR molecular generator
cpd_96,string,,Generated molecule index 96 using the MoLeR molecular generator
cpd_97,string,,Generated molecule index 97 using the MoLeR molecular generator
cpd_98,string,,Generated molecule index 98 using the MoLeR molecular generator
cpd_99,string,,Generated molecule index 99 using the MoLeR molecular generator
cpd_100,string,,Generated molecule index 100 using the MoLeR molecular generator
cpd_101,string,,Generated molecule index 101 using the MoLeR molecular generator
cpd_102,string,,Generated molecule index 102 using the MoLeR molecular generator
cpd_103,string,,Generated molecule index 103 using the MoLeR molecular generator
cpd_104,string,,Generated molecule index 104 using the MoLeR molecular generator
cpd_105,string,,Generated molecule index 105 using the MoLeR molecular generator
cpd_106,string,,Generated molecule index 106 using the MoLeR molecular generator
cpd_107,string,,Generated molecule index 107 using the MoLeR molecular generator
cpd_108,string,,Generated molecule index 108 using the MoLeR molecular generator
cpd_109,string,,Generated molecule index 109 using the MoLeR molecular generator
cpd_110,string,,Generated molecule index 110 using the MoLeR molecular generator
cpd_111,string,,Generated molecule index 111 using the MoLeR molecular generator
cpd_112,string,,Generated molecule index 112 using the MoLeR molecular generator
cpd_113,string,,Generated molecule index 113 using the MoLeR molecular generator
cpd_114,string,,Generated molecule index 114 using the MoLeR molecular generator
cpd_115,string,,Generated molecule index 115 using the MoLeR molecular generator
cpd_116,string,,Generated molecule index 116 using the MoLeR molecular generator
cpd_117,string,,Generated molecule index 117 using the MoLeR molecular generator
cpd_118,string,,Generated molecule index 118 using the MoLeR molecular generator
cpd_119,string,,Generated molecule index 119 using the MoLeR molecular generator
cpd_120,string,,Generated molecule index 120 using the MoLeR molecular generator
cpd_121,string,,Generated molecule index 121 using the MoLeR molecular generator
cpd_122,string,,Generated molecule index 122 using the MoLeR molecular generator
cpd_123,string,,Generated molecule index 123 using the MoLeR molecular generator
cpd_124,string,,Generated molecule index 124 using the MoLeR molecular generator
cpd_125,string,,Generated molecule index 125 using the MoLeR molecular generator
cpd_126,string,,Generated molecule index 126 using the MoLeR molecular generator
cpd_127,string,,Generated molecule index 127 using the MoLeR molecular generator
cpd_128,string,,Generated molecule index 128 using the MoLeR molecular generator
cpd_129,string,,Generated molecule index 129 using the MoLeR molecular generator
cpd_130,string,,Generated molecule index 130 using the MoLeR molecular generator
cpd_131,string,,Generated molecule index 131 using the MoLeR molecular generator
cpd_132,string,,Generated molecule index 132 using the MoLeR molecular generator
cpd_133,string,,Generated molecule index 133 using the MoLeR molecular generator
cpd_134,string,,Generated molecule index 134 using the MoLeR molecular generator
cpd_135,string,,Generated molecule index 135 using the MoLeR molecular generator
cpd_136,string,,Generated molecule index 136 using the MoLeR molecular generator
cpd_137,string,,Generated molecule index 137 using the MoLeR molecular generator
cpd_138,string,,Generated molecule index 138 using the MoLeR molecular generator
cpd_139,string,,Generated molecule index 139 using the MoLeR molecular generator
cpd_140,string,,Generated molecule index 140 using the MoLeR molecular generator
cpd_141,string,,Generated molecule index 141 using the MoLeR molecular generator
cpd_142,string,,Generated molecule index 142 using the MoLeR molecular generator
cpd_143,string,,Generated molecule index 143 using the MoLeR molecular generator
cpd_144,string,,Generated molecule index 144 using the MoLeR molecular generator
cpd_145,string,,Generated molecule index 145 using the MoLeR molecular generator
cpd_146,string,,Generated molecule index 146 using the MoLeR molecular generator
cpd_147,string,,Generated molecule index 147 using the MoLeR molecular generator
cpd_148,string,,Generated molecule index 148 using the MoLeR molecular generator
cpd_149,string,,Generated molecule index 149 using the MoLeR molecular generator
cpd_150,string,,Generated molecule index 150 using the MoLeR molecular generator
cpd_151,string,,Generated molecule index 151 using the MoLeR molecular generator
cpd_152,string,,Generated molecule index 152 using the MoLeR molecular generator
cpd_153,string,,Generated molecule index 153 using the MoLeR molecular generator
cpd_154,string,,Generated molecule index 154 using the MoLeR molecular generator
cpd_155,string,,Generated molecule index 155 using the MoLeR molecular generator
cpd_156,string,,Generated molecule index 156 using the MoLeR molecular generator
cpd_157,string,,Generated molecule index 157 using the MoLeR molecular generator
cpd_158,string,,Generated molecule index 158 using the MoLeR molecular generator
cpd_159,string,,Generated molecule index 159 using the MoLeR molecular generator
cpd_160,string,,Generated molecule index 160 using the MoLeR molecular generator
cpd_161,string,,Generated molecule index 161 using the MoLeR molecular generator
cpd_162,string,,Generated molecule index 162 using the MoLeR molecular generator
cpd_163,string,,Generated molecule index 163 using the MoLeR molecular generator
cpd_164,string,,Generated molecule index 164 using the MoLeR molecular generator
cpd_165,string,,Generated molecule index 165 using the MoLeR molecular generator
cpd_166,string,,Generated molecule index 166 using the MoLeR molecular generator
cpd_167,string,,Generated molecule index 167 using the MoLeR molecular generator
cpd_168,string,,Generated molecule index 168 using the MoLeR molecular generator
cpd_169,string,,Generated molecule index 169 using the MoLeR molecular generator
cpd_170,string,,Generated molecule index 170 using the MoLeR molecular generator
cpd_171,string,,Generated molecule index 171 using the MoLeR molecular generator
cpd_172,string,,Generated molecule index 172 using the MoLeR molecular generator
cpd_173,string,,Generated molecule index 173 using the MoLeR molecular generator
cpd_174,string,,Generated molecule index 174 using the MoLeR molecular generator
cpd_175,string,,Generated molecule index 175 using the MoLeR molecular generator
cpd_176,string,,Generated molecule index 176 using the MoLeR molecular generator
cpd_177,string,,Generated molecule index 177 using the MoLeR molecular generator
cpd_178,string,,Generated molecule index 178 using the MoLeR molecular generator
cpd_179,string,,Generated molecule index 179 using the MoLeR molecular generator
cpd_180,string,,Generated molecule index 180 using the MoLeR molecular generator
cpd_181,string,,Generated molecule index 181 using the MoLeR molecular generator
cpd_182,string,,Generated molecule index 182 using the MoLeR molecular generator
cpd_183,string,,Generated molecule index 183 using the MoLeR molecular generator
cpd_184,string,,Generated molecule index 184 using the MoLeR molecular generator
cpd_185,string,,Generated molecule index 185 using the MoLeR molecular generator
cpd_186,string,,Generated molecule index 186 using the MoLeR molecular generator
cpd_187,string,,Generated molecule index 187 using the MoLeR molecular generator
cpd_188,string,,Generated molecule index 188 using the MoLeR molecular generator
cpd_189,string,,Generated molecule index 189 using the MoLeR molecular generator
cpd_190,string,,Generated molecule index 190 using the MoLeR molecular generator
cpd_191,string,,Generated molecule index 191 using the MoLeR molecular generator
cpd_192,string,,Generated molecule index 192 using the MoLeR molecular generator
cpd_193,string,,Generated molecule index 193 using the MoLeR molecular generator
cpd_194,string,,Generated molecule index 194 using the MoLeR molecular generator
cpd_195,string,,Generated molecule index 195 using the MoLeR molecular generator
cpd_196,string,,Generated molecule index 196 using the MoLeR molecular generator
cpd_197,string,,Generated molecule index 197 using the MoLeR molecular generator
cpd_198,string,,Generated molecule index 198 using the MoLeR molecular generator
cpd_199,string,,Generated molecule index 199 using the MoLeR molecular generator
cpd_200,string,,Generated molecule index 200 using the MoLeR molecular generator
cpd_201,string,,Generated molecule index 201 using the MoLeR molecular generator
cpd_202,string,,Generated molecule index 202 using the MoLeR molecular generator
cpd_203,string,,Generated molecule index 203 using the MoLeR molecular generator
cpd_204,string,,Generated molecule index 204 using the MoLeR molecular generator
cpd_205,string,,Generated molecule index 205 using the MoLeR molecular generator
cpd_206,string,,Generated molecule index 206 using the MoLeR molecular generator
cpd_207,string,,Generated molecule index 207 using the MoLeR molecular generator
cpd_208,string,,Generated molecule index 208 using the MoLeR molecular generator
cpd_209,string,,Generated molecule index 209 using the MoLeR molecular generator
cpd_210,string,,Generated molecule index 210 using the MoLeR molecular generator
cpd_211,string,,Generated molecule index 211 using the MoLeR molecular generator
cpd_212,string,,Generated molecule index 212 using the MoLeR molecular generator
cpd_213,string,,Generated molecule index 213 using the MoLeR molecular generator
cpd_214,string,,Generated molecule index 214 using the MoLeR molecular generator
cpd_215,string,,Generated molecule index 215 using the MoLeR molecular generator
cpd_216,string,,Generated molecule index 216 using the MoLeR molecular generator
cpd_217,string,,Generated molecule index 217 using the MoLeR molecular generator
cpd_218,string,,Generated molecule index 218 using the MoLeR molecular generator
cpd_219,string,,Generated molecule index 219 using the MoLeR molecular generator
cpd_220,string,,Generated molecule index 220 using the MoLeR molecular generator
cpd_221,string,,Generated molecule index 221 using the MoLeR molecular generator
cpd_222,string,,Generated molecule index 222 using the MoLeR molecular generator
cpd_223,string,,Generated molecule index 223 using the MoLeR molecular generator
cpd_224,string,,Generated molecule index 224 using the MoLeR molecular generator
cpd_225,string,,Generated molecule index 225 using the MoLeR molecular generator
cpd_226,string,,Generated molecule index 226 using the MoLeR molecular generator
cpd_227,string,,Generated molecule index 227 using the MoLeR molecular generator
cpd_228,string,,Generated molecule index 228 using the MoLeR molecular generator
cpd_229,string,,Generated molecule index 229 using the MoLeR molecular generator
cpd_230,string,,Generated molecule index 230 using the MoLeR molecular generator
cpd_231,string,,Generated molecule index 231 using the MoLeR molecular generator
cpd_232,string,,Generated molecule index 232 using the MoLeR molecular generator
cpd_233,string,,Generated molecule index 233 using the MoLeR molecular generator
cpd_234,string,,Generated molecule index 234 using the MoLeR molecular generator
cpd_235,string,,Generated molecule index 235 using the MoLeR molecular generator
cpd_236,string,,Generated molecule index 236 using the MoLeR molecular generator
cpd_237,string,,Generated molecule index 237 using the MoLeR molecular generator
cpd_238,string,,Generated molecule index 238 using the MoLeR molecular generator
cpd_239,string,,Generated molecule index 239 using the MoLeR molecular generator
cpd_240,string,,Generated molecule index 240 using the MoLeR molecular generator
cpd_241,string,,Generated molecule index 241 using the MoLeR molecular generator
cpd_242,string,,Generated molecule index 242 using the MoLeR molecular generator
cpd_243,string,,Generated molecule index 243 using the MoLeR molecular generator
cpd_244,string,,Generated molecule index 244 using the MoLeR molecular generator
cpd_245,string,,Generated molecule index 245 using the MoLeR molecular generator
cpd_246,string,,Generated molecule index 246 using the MoLeR molecular generator
cpd_247,string,,Generated molecule index 247 using the MoLeR molecular generator
cpd_248,string,,Generated molecule index 248 using the MoLeR molecular generator
cpd_249,string,,Generated molecule index 249 using the MoLeR molecular generator
cpd_250,string,,Generated molecule index 250 using the MoLeR molecular generator
cpd_251,string,,Generated molecule index 251 using the MoLeR molecular generator
cpd_252,string,,Generated molecule index 252 using the MoLeR molecular generator
cpd_253,string,,Generated molecule index 253 using the MoLeR molecular generator
cpd_254,string,,Generated molecule index 254 using the MoLeR molecular generator
cpd_255,string,,Generated molecule index 255 using the MoLeR molecular generator
cpd_256,string,,Generated molecule index 256 using the MoLeR molecular generator
cpd_257,string,,Generated molecule index 257 using the MoLeR molecular generator
cpd_258,string,,Generated molecule index 258 using the MoLeR molecular generator
cpd_259,string,,Generated molecule index 259 using the MoLeR molecular generator
cpd_260,string,,Generated molecule index 260 using the MoLeR molecular generator
cpd_261,string,,Generated molecule index 261 using the MoLeR molecular generator
cpd_262,string,,Generated molecule index 262 using the MoLeR molecular generator
cpd_263,string,,Generated molecule index 263 using the MoLeR molecular generator
cpd_264,string,,Generated molecule index 264 using the MoLeR molecular generator
cpd_265,string,,Generated molecule index 265 using the MoLeR molecular generator
cpd_266,string,,Generated molecule index 266 using the MoLeR molecular generator
cpd_267,string,,Generated molecule index 267 using the MoLeR molecular generator
cpd_268,string,,Generated molecule index 268 using the MoLeR molecular generator
cpd_269,string,,Generated molecule index 269 using the MoLeR molecular generator
cpd_270,string,,Generated molecule index 270 using the MoLeR molecular generator
cpd_271,string,,Generated molecule index 271 using the MoLeR molecular generator
cpd_272,string,,Generated molecule index 272 using the MoLeR molecular generator
cpd_273,string,,Generated molecule index 273 using the MoLeR molecular generator
cpd_274,string,,Generated molecule index 274 using the MoLeR molecular generator
cpd_275,string,,Generated molecule index 275 using the MoLeR molecular generator
cpd_276,string,,Generated molecule index 276 using the MoLeR molecular generator
cpd_277,string,,Generated molecule index 277 using the MoLeR molecular generator
cpd_278,string,,Generated molecule index 278 using the MoLeR molecular generator
cpd_279,string,,Generated molecule index 279 using the MoLeR molecular generator
cpd_280,string,,Generated molecule index 280 using the MoLeR molecular generator
cpd_281,string,,Generated molecule index 281 using the MoLeR molecular generator
cpd_282,string,,Generated molecule index 282 using the MoLeR molecular generator
cpd_283,string,,Generated molecule index 283 using the MoLeR molecular generator
cpd_284,string,,Generated molecule index 284 using the MoLeR molecular generator
cpd_285,string,,Generated molecule index 285 using the MoLeR molecular generator
cpd_286,string,,Generated molecule index 286 using the MoLeR molecular generator
cpd_287,string,,Generated molecule index 287 using the MoLeR molecular generator
cpd_288,string,,Generated molecule index 288 using the MoLeR molecular generator
cpd_289,string,,Generated molecule index 289 using the MoLeR molecular generator
cpd_290,string,,Generated molecule index 290 using the MoLeR molecular generator
cpd_291,string,,Generated molecule index 291 using the MoLeR molecular generator
cpd_292,string,,Generated molecule index 292 using the MoLeR molecular generator
cpd_293,string,,Generated molecule index 293 using the MoLeR molecular generator
cpd_294,string,,Generated molecule index 294 using the MoLeR molecular generator
cpd_295,string,,Generated molecule index 295 using the MoLeR molecular generator
cpd_296,string,,Generated molecule index 296 using the MoLeR molecular generator
cpd_297,string,,Generated molecule index 297 using the MoLeR molecular generator
cpd_298,string,,Generated molecule index 298 using the MoLeR molecular generator
cpd_299,string,,Generated molecule index 299 using the MoLeR molecular generator
cpd_300,string,,Generated molecule index 300 using the MoLeR molecular generator
cpd_301,string,,Generated molecule index 301 using the MoLeR molecular generator
cpd_302,string,,Generated molecule index 302 using the MoLeR molecular generator
cpd_303,string,,Generated molecule index 303 using the MoLeR molecular generator
cpd_304,string,,Generated molecule index 304 using the MoLeR molecular generator
cpd_305,string,,Generated molecule index 305 using the MoLeR molecular generator
cpd_306,string,,Generated molecule index 306 using the MoLeR molecular generator
cpd_307,string,,Generated molecule index 307 using the MoLeR molecular generator
cpd_308,string,,Generated molecule index 308 using the MoLeR molecular generator
cpd_309,string,,Generated molecule index 309 using the MoLeR molecular generator
cpd_310,string,,Generated molecule index 310 using the MoLeR molecular generator
cpd_311,string,,Generated molecule index 311 using the MoLeR molecular generator
cpd_312,string,,Generated molecule index 312 using the MoLeR molecular generator
cpd_313,string,,Generated molecule index 313 using the MoLeR molecular generator
cpd_314,string,,Generated molecule index 314 using the MoLeR molecular generator
cpd_315,string,,Generated molecule index 315 using the MoLeR molecular generator
cpd_316,string,,Generated molecule index 316 using the MoLeR molecular generator
cpd_317,string,,Generated molecule index 317 using the MoLeR molecular generator
cpd_318,string,,Generated molecule index 318 using the MoLeR molecular generator
cpd_319,string,,Generated molecule index 319 using the MoLeR molecular generator
cpd_320,string,,Generated molecule index 320 using the MoLeR molecular generator
cpd_321,string,,Generated molecule index 321 using the MoLeR molecular generator
cpd_322,string,,Generated molecule index 322 using the MoLeR molecular generator
cpd_323,string,,Generated molecule index 323 using the MoLeR molecular generator
cpd_324,string,,Generated molecule index 324 using the MoLeR molecular generator
cpd_325,string,,Generated molecule index 325 using the MoLeR molecular generator
cpd_326,string,,Generated molecule index 326 using the MoLeR molecular generator
cpd_327,string,,Generated molecule index 327 using the MoLeR molecular generator
cpd_328,string,,Generated molecule index 328 using the MoLeR molecular generator
cpd_329,string,,Generated molecule index 329 using the MoLeR molecular generator
cpd_330,string,,Generated molecule index 330 using the MoLeR molecular generator
cpd_331,string,,Generated molecule index 331 using the MoLeR molecular generator
cpd_332,string,,Generated molecule index 332 using the MoLeR molecular generator
cpd_333,string,,Generated molecule index 333 using the MoLeR molecular generator
cpd_334,string,,Generated molecule index 334 using the MoLeR molecular generator
cpd_335,string,,Generated molecule index 335 using the MoLeR molecular generator
cpd_336,string,,Generated molecule index 336 using the MoLeR molecular generator
cpd_337,string,,Generated molecule index 337 using the MoLeR molecular generator
cpd_338,string,,Generated molecule index 338 using the MoLeR molecular generator
cpd_339,string,,Generated molecule index 339 using the MoLeR molecular generator
cpd_340,string,,Generated molecule index 340 using the MoLeR molecular generator
cpd_341,string,,Generated molecule index 341 using the MoLeR molecular generator
cpd_342,string,,Generated molecule index 342 using the MoLeR molecular generator
cpd_343,string,,Generated molecule index 343 using the MoLeR molecular generator
cpd_344,string,,Generated molecule index 344 using the MoLeR molecular generator
cpd_345,string,,Generated molecule index 345 using the MoLeR molecular generator
cpd_346,string,,Generated molecule index 346 using the MoLeR molecular generator
cpd_347,string,,Generated molecule index 347 using the MoLeR molecular generator
cpd_348,string,,Generated molecule index 348 using the MoLeR molecular generator
cpd_349,string,,Generated molecule index 349 using the MoLeR molecular generator
cpd_350,string,,Generated molecule index 350 using the MoLeR molecular generator
cpd_351,string,,Generated molecule index 351 using the MoLeR molecular generator
cpd_352,string,,Generated molecule index 352 using the MoLeR molecular generator
cpd_353,string,,Generated molecule index 353 using the MoLeR molecular generator
cpd_354,string,,Generated molecule index 354 using the MoLeR molecular generator
cpd_355,string,,Generated molecule index 355 using the MoLeR molecular generator
cpd_356,string,,Generated molecule index 356 using the MoLeR molecular generator
cpd_357,string,,Generated molecule index 357 using the MoLeR molecular generator
cpd_358,string,,Generated molecule index 358 using the MoLeR molecular generator
cpd_359,string,,Generated molecule index 359 using the MoLeR molecular generator
cpd_360,string,,Generated molecule index 360 using the MoLeR molecular generator
cpd_361,string,,Generated molecule index 361 using the MoLeR molecular generator
cpd_362,string,,Generated molecule index 362 using the MoLeR molecular generator
cpd_363,string,,Generated molecule index 363 using the MoLeR molecular generator
cpd_364,string,,Generated molecule index 364 using the MoLeR molecular generator
cpd_365,string,,Generated molecule index 365 using the MoLeR molecular generator
cpd_366,string,,Generated molecule index 366 using the MoLeR molecular generator
cpd_367,string,,Generated molecule index 367 using the MoLeR molecular generator
cpd_368,string,,Generated molecule index 368 using the MoLeR molecular generator
cpd_369,string,,Generated molecule index 369 using the MoLeR molecular generator
cpd_370,string,,Generated molecule index 370 using the MoLeR molecular generator
cpd_371,string,,Generated molecule index 371 using the MoLeR molecular generator
cpd_372,string,,Generated molecule index 372 using the MoLeR molecular generator
cpd_373,string,,Generated molecule index 373 using the MoLeR molecular generator
cpd_374,string,,Generated molecule index 374 using the MoLeR molecular generator
cpd_375,string,,Generated molecule index 375 using the MoLeR molecular generator
cpd_376,string,,Generated molecule index 376 using the MoLeR molecular generator
cpd_377,string,,Generated molecule index 377 using the MoLeR molecular generator
cpd_378,string,,Generated molecule index 378 using the MoLeR molecular generator
cpd_379,string,,Generated molecule index 379 using the MoLeR molecular generator
cpd_380,string,,Generated molecule index 380 using the MoLeR molecular generator
cpd_381,string,,Generated molecule index 381 using the MoLeR molecular generator
cpd_382,string,,Generated molecule index 382 using the MoLeR molecular generator
cpd_383,string,,Generated molecule index 383 using the MoLeR molecular generator
cpd_384,string,,Generated molecule index 384 using the MoLeR molecular generator
cpd_385,string,,Generated molecule index 385 using the MoLeR molecular generator
cpd_386,string,,Generated molecule index 386 using the MoLeR molecular generator
cpd_387,string,,Generated molecule index 387 using the MoLeR molecular generator
cpd_388,string,,Generated molecule index 388 using the MoLeR molecular generator
cpd_389,string,,Generated molecule index 389 using the MoLeR molecular generator
cpd_390,string,,Generated molecule index 390 using the MoLeR molecular generator
cpd_391,string,,Generated molecule index 391 using the MoLeR molecular generator
cpd_392,string,,Generated molecule index 392 using the MoLeR molecular generator
cpd_393,string,,Generated molecule index 393 using the MoLeR molecular generator
cpd_394,string,,Generated molecule index 394 using the MoLeR molecular generator
cpd_395,string,,Generated molecule index 395 using the MoLeR molecular generator
cpd_396,string,,Generated molecule index 396 using the MoLeR molecular generator
cpd_397,string,,Generated molecule index 397 using the MoLeR molecular generator
cpd_398,string,,Generated molecule index 398 using the MoLeR molecular generator
cpd_399,string,,Generated molecule index 399 using the MoLeR molecular generator
cpd_400,string,,Generated molecule index 400 using the MoLeR molecular generator
cpd_401,string,,Generated molecule index 401 using the MoLeR molecular generator
cpd_402,string,,Generated molecule index 402 using the MoLeR molecular generator
cpd_403,string,,Generated molecule index 403 using the MoLeR molecular generator
cpd_404,string,,Generated molecule index 404 using the MoLeR molecular generator
cpd_405,string,,Generated molecule index 405 using the MoLeR molecular generator
cpd_406,string,,Generated molecule index 406 using the MoLeR molecular generator
cpd_407,string,,Generated molecule index 407 using the MoLeR molecular generator
cpd_408,string,,Generated molecule index 408 using the MoLeR molecular generator
cpd_409,string,,Generated molecule index 409 using the MoLeR molecular generator
cpd_410,string,,Generated molecule index 410 using the MoLeR molecular generator
cpd_411,string,,Generated molecule index 411 using the MoLeR molecular generator
cpd_412,string,,Generated molecule index 412 using the MoLeR molecular generator
cpd_413,string,,Generated molecule index 413 using the MoLeR molecular generator
cpd_414,string,,Generated molecule index 414 using the MoLeR molecular generator
cpd_415,string,,Generated molecule index 415 using the MoLeR molecular generator
cpd_416,string,,Generated molecule index 416 using the MoLeR molecular generator
cpd_417,string,,Generated molecule index 417 using the MoLeR molecular generator
cpd_418,string,,Generated molecule index 418 using the MoLeR molecular generator
cpd_419,string,,Generated molecule index 419 using the MoLeR molecular generator
cpd_420,string,,Generated molecule index 420 using the MoLeR molecular generator
cpd_421,string,,Generated molecule index 421 using the MoLeR molecular generator
cpd_422,string,,Generated molecule index 422 using the MoLeR molecular generator
cpd_423,string,,Generated molecule index 423 using the MoLeR molecular generator
cpd_424,string,,Generated molecule index 424 using the MoLeR molecular generator
cpd_425,string,,Generated molecule index 425 using the MoLeR molecular generator
cpd_426,string,,Generated molecule index 426 using the MoLeR molecular generator
cpd_427,string,,Generated molecule index 427 using the MoLeR molecular generator
cpd_428,string,,Generated molecule index 428 using the MoLeR molecular generator
cpd_429,string,,Generated molecule index 429 using the MoLeR molecular generator
cpd_430,string,,Generated molecule index 430 using the MoLeR molecular generator
cpd_431,string,,Generated molecule index 431 using the MoLeR molecular generator
cpd_432,string,,Generated molecule index 432 using the MoLeR molecular generator
cpd_433,string,,Generated molecule index 433 using the MoLeR molecular generator
cpd_434,string,,Generated molecule index 434 using the MoLeR molecular generator
cpd_435,string,,Generated molecule index 435 using the MoLeR molecular generator
cpd_436,string,,Generated molecule index 436 using the MoLeR molecular generator
cpd_437,string,,Generated molecule index 437 using the MoLeR molecular generator
cpd_438,string,,Generated molecule index 438 using the MoLeR molecular generator
cpd_439,string,,Generated molecule index 439 using the MoLeR molecular generator
cpd_440,string,,Generated molecule index 440 using the MoLeR molecular generator
cpd_441,string,,Generated molecule index 441 using the MoLeR molecular generator
cpd_442,string,,Generated molecule index 442 using the MoLeR molecular generator
cpd_443,string,,Generated molecule index 443 using the MoLeR molecular generator
cpd_444,string,,Generated molecule index 444 using the MoLeR molecular generator
cpd_445,string,,Generated molecule index 445 using the MoLeR molecular generator
cpd_446,string,,Generated molecule index 446 using the MoLeR molecular generator
cpd_447,string,,Generated molecule index 447 using the MoLeR molecular generator
cpd_448,string,,Generated molecule index 448 using the MoLeR molecular generator
cpd_449,string,,Generated molecule index 449 using the MoLeR molecular generator
cpd_450,string,,Generated molecule index 450 using the MoLeR molecular generator
cpd_451,string,,Generated molecule index 451 using the MoLeR molecular generator
cpd_452,string,,Generated molecule index 452 using the MoLeR molecular generator
cpd_453,string,,Generated molecule index 453 using the MoLeR molecular generator
cpd_454,string,,Generated molecule index 454 using the MoLeR molecular generator
cpd_455,string,,Generated molecule index 455 using the MoLeR molecular generator
cpd_456,string,,Generated molecule index 456 using the MoLeR molecular generator
cpd_457,string,,Generated molecule index 457 using the MoLeR molecular generator
cpd_458,string,,Generated molecule index 458 using the MoLeR molecular generator
cpd_459,string,,Generated molecule index 459 using the MoLeR molecular generator
cpd_460,string,,Generated molecule index 460 using the MoLeR molecular generator
cpd_461,string,,Generated molecule index 461 using the MoLeR molecular generator
cpd_462,string,,Generated molecule index 462 using the MoLeR molecular generator
cpd_463,string,,Generated molecule index 463 using the MoLeR molecular generator
cpd_464,string,,Generated molecule index 464 using the MoLeR molecular generator
cpd_465,string,,Generated molecule index 465 using the MoLeR molecular generator
cpd_466,string,,Generated molecule index 466 using the MoLeR molecular generator
cpd_467,string,,Generated molecule index 467 using the MoLeR molecular generator
cpd_468,string,,Generated molecule index 468 using the MoLeR molecular generator
cpd_469,string,,Generated molecule index 469 using the MoLeR molecular generator
cpd_470,string,,Generated molecule index 470 using the MoLeR molecular generator
cpd_471,string,,Generated molecule index 471 using the MoLeR molecular generator
cpd_472,string,,Generated molecule index 472 using the MoLeR molecular generator
cpd_473,string,,Generated molecule index 473 using the MoLeR molecular generator
cpd_474,string,,Generated molecule index 474 using the MoLeR molecular generator
cpd_475,string,,Generated molecule index 475 using the MoLeR molecular generator
cpd_476,string,,Generated molecule index 476 using the MoLeR molecular generator
cpd_477,string,,Generated molecule index 477 using the MoLeR molecular generator
cpd_478,string,,Generated molecule index 478 using the MoLeR molecular generator
cpd_479,string,,Generated molecule index 479 using the MoLeR molecular generator
cpd_480,string,,Generated molecule index 480 using the MoLeR molecular generator
cpd_481,string,,Generated molecule index 481 using the MoLeR molecular generator
cpd_482,string,,Generated molecule index 482 using the MoLeR molecular generator
cpd_483,string,,Generated molecule index 483 using the MoLeR molecular generator
cpd_484,string,,Generated molecule index 484 using the MoLeR molecular generator
cpd_485,string,,Generated molecule index 485 using the MoLeR molecular generator
cpd_486,string,,Generated molecule index 486 using the MoLeR molecular generator
cpd_487,string,,Generated molecule index 487 using the MoLeR molecular generator
cpd_488,string,,Generated molecule index 488 using the MoLeR molecular generator
cpd_489,string,,Generated molecule index 489 using the MoLeR molecular generator
cpd_490,string,,Generated molecule index 490 using the MoLeR molecular generator
cpd_491,string,,Generated molecule index 491 using the MoLeR molecular generator
cpd_492,string,,Generated molecule index 492 using the MoLeR molecular generator
cpd_493,string,,Generated molecule index 493 using the MoLeR molecular generator
cpd_494,string,,Generated molecule index 494 using the MoLeR molecular generator
cpd_495,string,,Generated molecule index 495 using the MoLeR molecular generator
cpd_496,string,,Generated molecule index 496 using the MoLeR molecular generator
cpd_497,string,,Generated molecule index 497 using the MoLeR molecular generator
cpd_498,string,,Generated molecule index 498 using the MoLeR molecular generator
cpd_499,string,,Generated molecule index 499 using the MoLeR molecular generator
cpd_500,string,,Generated molecule index 500 using the MoLeR molecular generator
cpd_501,string,,Generated molecule index 501 using the MoLeR molecular generator
cpd_502,string,,Generated molecule index 502 using the MoLeR molecular generator
cpd_503,string,,Generated molecule index 503 using the MoLeR molecular generator
cpd_504,string,,Generated molecule index 504 using the MoLeR molecular generator
cpd_505,string,,Generated molecule index 505 using the MoLeR molecular generator
cpd_506,string,,Generated molecule index 506 using the MoLeR molecular generator
cpd_507,string,,Generated molecule index 507 using the MoLeR molecular generator
cpd_508,string,,Generated molecule index 508 using the MoLeR molecular generator
cpd_509,string,,Generated molecule index 509 using the MoLeR molecular generator
cpd_510,string,,Generated molecule index 510 using the MoLeR molecular generator
cpd_511,string,,Generated molecule index 511 using the MoLeR molecular generator
cpd_512,string,,Generated molecule index 512 using the MoLeR molecular generator
cpd_513,string,,Generated molecule index 513 using the MoLeR molecular generator
cpd_514,string,,Generated molecule index 514 using the MoLeR molecular generator
cpd_515,string,,Generated molecule index 515 using the MoLeR molecular generator
cpd_516,string,,Generated molecule index 516 using the MoLeR molecular generator
cpd_517,string,,Generated molecule index 517 using the MoLeR molecular generator
cpd_518,string,,Generated molecule index 518 using the MoLeR molecular generator
cpd_519,string,,Generated molecule index 519 using the MoLeR molecular generator
cpd_520,string,,Generated molecule index 520 using the MoLeR molecular generator
cpd_521,string,,Generated molecule index 521 using the MoLeR molecular generator
cpd_522,string,,Generated molecule index 522 using the MoLeR molecular generator
cpd_523,string,,Generated molecule index 523 using the MoLeR molecular generator
cpd_524,string,,Generated molecule index 524 using the MoLeR molecular generator
cpd_525,string,,Generated molecule index 525 using the MoLeR molecular generator
cpd_526,string,,Generated molecule index 526 using the MoLeR molecular generator
cpd_527,string,,Generated molecule index 527 using the MoLeR molecular generator
cpd_528,string,,Generated molecule index 528 using the MoLeR molecular generator
cpd_529,string,,Generated molecule index 529 using the MoLeR molecular generator
cpd_530,string,,Generated molecule index 530 using the MoLeR molecular generator
cpd_531,string,,Generated molecule index 531 using the MoLeR molecular generator
cpd_532,string,,Generated molecule index 532 using the MoLeR molecular generator
cpd_533,string,,Generated molecule index 533 using the MoLeR molecular generator
cpd_534,string,,Generated molecule index 534 using the MoLeR molecular generator
cpd_535,string,,Generated molecule index 535 using the MoLeR molecular generator
cpd_536,string,,Generated molecule index 536 using the MoLeR molecular generator
cpd_537,string,,Generated molecule index 537 using the MoLeR molecular generator
cpd_538,string,,Generated molecule index 538 using the MoLeR molecular generator
cpd_539,string,,Generated molecule index 539 using the MoLeR molecular generator
cpd_540,string,,Generated molecule index 540 using the MoLeR molecular generator
cpd_541,string,,Generated molecule index 541 using the MoLeR molecular generator
cpd_542,string,,Generated molecule index 542 using the MoLeR molecular generator
cpd_543,string,,Generated molecule index 543 using the MoLeR molecular generator
cpd_544,string,,Generated molecule index 544 using the MoLeR molecular generator
cpd_545,string,,Generated molecule index 545 using the MoLeR molecular generator
cpd_546,string,,Generated molecule index 546 using the MoLeR molecular generator
cpd_547,string,,Generated molecule index 547 using the MoLeR molecular generator
cpd_548,string,,Generated molecule index 548 using the MoLeR molecular generator
cpd_549,string,,Generated molecule index 549 using the MoLeR molecular generator
cpd_550,string,,Generated molecule index 550 using the MoLeR molecular generator
cpd_551,string,,Generated molecule index 551 using the MoLeR molecular generator
cpd_552,string,,Generated molecule index 552 using the MoLeR molecular generator
cpd_553,string,,Generated molecule index 553 using the MoLeR molecular generator
cpd_554,string,,Generated molecule index 554 using the MoLeR molecular generator
cpd_555,string,,Generated molecule index 555 using the MoLeR molecular generator
cpd_556,string,,Generated molecule index 556 using the MoLeR molecular generator
cpd_557,string,,Generated molecule index 557 using the MoLeR molecular generator
cpd_558,string,,Generated molecule index 558 using the MoLeR molecular generator
cpd_559,string,,Generated molecule index 559 using the MoLeR molecular generator
cpd_560,string,,Generated molecule index 560 using the MoLeR molecular generator
cpd_561,string,,Generated molecule index 561 using the MoLeR molecular generator
cpd_562,string,,Generated molecule index 562 using the MoLeR molecular generator
cpd_563,string,,Generated molecule index 563 using the MoLeR molecular generator
cpd_564,string,,Generated molecule index 564 using the MoLeR molecular generator
cpd_565,string,,Generated molecule index 565 using the MoLeR molecular generator
cpd_566,string,,Generated molecule index 566 using the MoLeR molecular generator
cpd_567,string,,Generated molecule index 567 using the MoLeR molecular generator
cpd_568,string,,Generated molecule index 568 using the MoLeR molecular generator
cpd_569,string,,Generated molecule index 569 using the MoLeR molecular generator
cpd_570,string,,Generated molecule index 570 using the MoLeR molecular generator
cpd_571,string,,Generated molecule index 571 using the MoLeR molecular generator
cpd_572,string,,Generated molecule index 572 using the MoLeR molecular generator
cpd_573,string,,Generated molecule index 573 using the MoLeR molecular generator
cpd_574,string,,Generated molecule index 574 using the MoLeR molecular generator
cpd_575,string,,Generated molecule index 575 using the MoLeR molecular generator
cpd_576,string,,Generated molecule index 576 using the MoLeR molecular generator
cpd_577,string,,Generated molecule index 577 using the MoLeR molecular generator
cpd_578,string,,Generated molecule index 578 using the MoLeR molecular generator
cpd_579,string,,Generated molecule index 579 using the MoLeR molecular generator
cpd_580,string,,Generated molecule index 580 using the MoLeR molecular generator
cpd_581,string,,Generated molecule index 581 using the MoLeR molecular generator
cpd_582,string,,Generated molecule index 582 using the MoLeR molecular generator
cpd_583,string,,Generated molecule index 583 using the MoLeR molecular generator
cpd_584,string,,Generated molecule index 584 using the MoLeR molecular generator
cpd_585,string,,Generated molecule index 585 using the MoLeR molecular generator
cpd_586,string,,Generated molecule index 586 using the MoLeR molecular generator
cpd_587,string,,Generated molecule index 587 using the MoLeR molecular generator
cpd_588,string,,Generated molecule index 588 using the MoLeR molecular generator
cpd_589,string,,Generated molecule index 589 using the MoLeR molecular generator
cpd_590,string,,Generated molecule index 590 using the MoLeR molecular generator
cpd_591,string,,Generated molecule index 591 using the MoLeR molecular generator
cpd_592,string,,Generated molecule index 592 using the MoLeR molecular generator
cpd_593,string,,Generated molecule index 593 using the MoLeR molecular generator
cpd_594,string,,Generated molecule index 594 using the MoLeR molecular generator
cpd_595,string,,Generated molecule index 595 using the MoLeR molecular generator
cpd_596,string,,Generated molecule index 596 using the MoLeR molecular generator
cpd_597,string,,Generated molecule index 597 using the MoLeR molecular generator
cpd_598,string,,Generated molecule index 598 using the MoLeR molecular generator
cpd_599,string,,Generated molecule index 599 using the MoLeR molecular generator
cpd_600,string,,Generated molecule index 600 using the MoLeR molecular generator
cpd_601,string,,Generated molecule index 601 using the MoLeR molecular generator
cpd_602,string,,Generated molecule index 602 using the MoLeR molecular generator
cpd_603,string,,Generated molecule index 603 using the MoLeR molecular generator
cpd_604,string,,Generated molecule index 604 using the MoLeR molecular generator
cpd_605,string,,Generated molecule index 605 using the MoLeR molecular generator
cpd_606,string,,Generated molecule index 606 using the MoLeR molecular generator
cpd_607,string,,Generated molecule index 607 using the MoLeR molecular generator
cpd_608,string,,Generated molecule index 608 using the MoLeR molecular generator
cpd_609,string,,Generated molecule index 609 using the MoLeR molecular generator
cpd_610,string,,Generated molecule index 610 using the MoLeR molecular generator
cpd_611,string,,Generated molecule index 611 using the MoLeR molecular generator
cpd_612,string,,Generated molecule index 612 using the MoLeR molecular generator
cpd_613,string,,Generated molecule index 613 using the MoLeR molecular generator
cpd_614,string,,Generated molecule index 614 using the MoLeR molecular generator
cpd_615,string,,Generated molecule index 615 using the MoLeR molecular generator
cpd_616,string,,Generated molecule index 616 using the MoLeR molecular generator
cpd_617,string,,Generated molecule index 617 using the MoLeR molecular generator
cpd_618,string,,Generated molecule index 618 using the MoLeR molecular generator
cpd_619,string,,Generated molecule index 619 using the MoLeR molecular generator
cpd_620,string,,Generated molecule index 620 using the MoLeR molecular generator
cpd_621,string,,Generated molecule index 621 using the MoLeR molecular generator
cpd_622,string,,Generated molecule index 622 using the MoLeR molecular generator
cpd_623,string,,Generated molecule index 623 using the MoLeR molecular generator
cpd_624,string,,Generated molecule index 624 using the MoLeR molecular generator
cpd_625,string,,Generated molecule index 625 using the MoLeR molecular generator
cpd_626,string,,Generated molecule index 626 using the MoLeR molecular generator
cpd_627,string,,Generated molecule index 627 using the MoLeR molecular generator
cpd_628,string,,Generated molecule index 628 using the MoLeR molecular generator
cpd_629,string,,Generated molecule index 629 using the MoLeR molecular generator
cpd_630,string,,Generated molecule index 630 using the MoLeR molecular generator
cpd_631,string,,Generated molecule index 631 using the MoLeR molecular generator
cpd_632,string,,Generated molecule index 632 using the MoLeR molecular generator
cpd_633,string,,Generated molecule index 633 using the MoLeR molecular generator
cpd_634,string,,Generated molecule index 634 using the MoLeR molecular generator
cpd_635,string,,Generated molecule index 635 using the MoLeR molecular generator
cpd_636,string,,Generated molecule index 636 using the MoLeR molecular generator
cpd_637,string,,Generated molecule index 637 using the MoLeR molecular generator
cpd_638,string,,Generated molecule index 638 using the MoLeR molecular generator
cpd_639,string,,Generated molecule index 639 using the MoLeR molecular generator
cpd_640,string,,Generated molecule index 640 using the MoLeR molecular generator
cpd_641,string,,Generated molecule index 641 using the MoLeR molecular generator
cpd_642,string,,Generated molecule index 642 using the MoLeR molecular generator
cpd_643,string,,Generated molecule index 643 using the MoLeR molecular generator
cpd_644,string,,Generated molecule index 644 using the MoLeR molecular generator
cpd_645,string,,Generated molecule index 645 using the MoLeR molecular generator
cpd_646,string,,Generated molecule index 646 using the MoLeR molecular generator
cpd_647,string,,Generated molecule index 647 using the MoLeR molecular generator
cpd_648,string,,Generated molecule index 648 using the MoLeR molecular generator
cpd_649,string,,Generated molecule index 649 using the MoLeR molecular generator
cpd_650,string,,Generated molecule index 650 using the MoLeR molecular generator
cpd_651,string,,Generated molecule index 651 using the MoLeR molecular generator
cpd_652,string,,Generated molecule index 652 using the MoLeR molecular generator
cpd_653,string,,Generated molecule index 653 using the MoLeR molecular generator
cpd_654,string,,Generated molecule index 654 using the MoLeR molecular generator
cpd_655,string,,Generated molecule index 655 using the MoLeR molecular generator
cpd_656,string,,Generated molecule index 656 using the MoLeR molecular generator
cpd_657,string,,Generated molecule index 657 using the MoLeR molecular generator
cpd_658,string,,Generated molecule index 658 using the MoLeR molecular generator
cpd_659,string,,Generated molecule index 659 using the MoLeR molecular generator
cpd_660,string,,Generated molecule index 660 using the MoLeR molecular generator
cpd_661,string,,Generated molecule index 661 using the MoLeR molecular generator
cpd_662,string,,Generated molecule index 662 using the MoLeR molecular generator
cpd_663,string,,Generated molecule index 663 using the MoLeR molecular generator
cpd_664,string,,Generated molecule index 664 using the MoLeR molecular generator
cpd_665,string,,Generated molecule index 665 using the MoLeR molecular generator
cpd_666,string,,Generated molecule index 666 using the MoLeR molecular generator
cpd_667,string,,Generated molecule index 667 using the MoLeR molecular generator
cpd_668,string,,Generated molecule index 668 using the MoLeR molecular generator
cpd_669,string,,Generated molecule index 669 using the MoLeR molecular generator
cpd_670,string,,Generated molecule index 670 using the MoLeR molecular generator
cpd_671,string,,Generated molecule index 671 using the MoLeR molecular generator
cpd_672,string,,Generated molecule index 672 using the MoLeR molecular generator
cpd_673,string,,Generated molecule index 673 using the MoLeR molecular generator
cpd_674,string,,Generated molecule index 674 using the MoLeR molecular generator
cpd_675,string,,Generated molecule index 675 using the MoLeR molecular generator
cpd_676,string,,Generated molecule index 676 using the MoLeR molecular generator
cpd_677,string,,Generated molecule index 677 using the MoLeR molecular generator
cpd_678,string,,Generated molecule index 678 using the MoLeR molecular generator
cpd_679,string,,Generated molecule index 679 using the MoLeR molecular generator
cpd_680,string,,Generated molecule index 680 using the MoLeR molecular generator
cpd_681,string,,Generated molecule index 681 using the MoLeR molecular generator
cpd_682,string,,Generated molecule index 682 using the MoLeR molecular generator
cpd_683,string,,Generated molecule index 683 using the MoLeR molecular generator
cpd_684,string,,Generated molecule index 684 using the MoLeR molecular generator
cpd_685,string,,Generated molecule index 685 using the MoLeR molecular generator
cpd_686,string,,Generated molecule index 686 using the MoLeR molecular generator
cpd_687,string,,Generated molecule index 687 using the MoLeR molecular generator
cpd_688,string,,Generated molecule index 688 using the MoLeR molecular generator
cpd_689,string,,Generated molecule index 689 using the MoLeR molecular generator
cpd_690,string,,Generated molecule index 690 using the MoLeR molecular generator
cpd_691,string,,Generated molecule index 691 using the MoLeR molecular generator
cpd_692,string,,Generated molecule index 692 using the MoLeR molecular generator
cpd_693,string,,Generated molecule index 693 using the MoLeR molecular generator
cpd_694,string,,Generated molecule index 694 using the MoLeR molecular generator
cpd_695,string,,Generated molecule index 695 using the MoLeR molecular generator
cpd_696,string,,Generated molecule index 696 using the MoLeR molecular generator
cpd_697,string,,Generated molecule index 697 using the MoLeR molecular generator
cpd_698,string,,Generated molecule index 698 using the MoLeR molecular generator
cpd_699,string,,Generated molecule index 699 using the MoLeR molecular generator
cpd_700,string,,Generated molecule index 700 using the MoLeR molecular generator
cpd_701,string,,Generated molecule index 701 using the MoLeR molecular generator
cpd_702,string,,Generated molecule index 702 using the MoLeR molecular generator
cpd_703,string,,Generated molecule index 703 using the MoLeR molecular generator
cpd_704,string,,Generated molecule index 704 using the MoLeR molecular generator
cpd_705,string,,Generated molecule index 705 using the MoLeR molecular generator
cpd_706,string,,Generated molecule index 706 using the MoLeR molecular generator
cpd_707,string,,Generated molecule index 707 using the MoLeR molecular generator
cpd_708,string,,Generated molecule index 708 using the MoLeR molecular generator
cpd_709,string,,Generated molecule index 709 using the MoLeR molecular generator
cpd_710,string,,Generated molecule index 710 using the MoLeR molecular generator
cpd_711,string,,Generated molecule index 711 using the MoLeR molecular generator
cpd_712,string,,Generated molecule index 712 using the MoLeR molecular generator
cpd_713,string,,Generated molecule index 713 using the MoLeR molecular generator
cpd_714,string,,Generated molecule index 714 using the MoLeR molecular generator
cpd_715,string,,Generated molecule index 715 using the MoLeR molecular generator
cpd_716,string,,Generated molecule index 716 using the MoLeR molecular generator
cpd_717,string,,Generated molecule index 717 using the MoLeR molecular generator
cpd_718,string,,Generated molecule index 718 using the MoLeR molecular generator
cpd_719,string,,Generated molecule index 719 using the MoLeR molecular generator
cpd_720,string,,Generated molecule index 720 using the MoLeR molecular generator
cpd_721,string,,Generated molecule index 721 using the MoLeR molecular generator
cpd_722,string,,Generated molecule index 722 using the MoLeR molecular generator
cpd_723,string,,Generated molecule index 723 using the MoLeR molecular generator
cpd_724,string,,Generated molecule index 724 using the MoLeR molecular generator
cpd_725,string,,Generated molecule index 725 using the MoLeR molecular generator
cpd_726,string,,Generated molecule index 726 using the MoLeR molecular generator
cpd_727,string,,Generated molecule index 727 using the MoLeR molecular generator
cpd_728,string,,Generated molecule index 728 using the MoLeR molecular generator
cpd_729,string,,Generated molecule index 729 using the MoLeR molecular generator
cpd_730,string,,Generated molecule index 730 using the MoLeR molecular generator
cpd_731,string,,Generated molecule index 731 using the MoLeR molecular generator
cpd_732,string,,Generated molecule index 732 using the MoLeR molecular generator
cpd_733,string,,Generated molecule index 733 using the MoLeR molecular generator
cpd_734,string,,Generated molecule index 734 using the MoLeR molecular generator
cpd_735,string,,Generated molecule index 735 using the MoLeR molecular generator
cpd_736,string,,Generated molecule index 736 using the MoLeR molecular generator
cpd_737,string,,Generated molecule index 737 using the MoLeR molecular generator
cpd_738,string,,Generated molecule index 738 using the MoLeR molecular generator
cpd_739,string,,Generated molecule index 739 using the MoLeR molecular generator
cpd_740,string,,Generated molecule index 740 using the MoLeR molecular generator
cpd_741,string,,Generated molecule index 741 using the MoLeR molecular generator
cpd_742,string,,Generated molecule index 742 using the MoLeR molecular generator
cpd_743,string,,Generated molecule index 743 using the MoLeR molecular generator
cpd_744,string,,Generated molecule index 744 using the MoLeR molecular generator
cpd_745,string,,Generated molecule index 745 using the MoLeR molecular generator
cpd_746,string,,Generated molecule index 746 using the MoLeR molecular generator
cpd_747,string,,Generated molecule index 747 using the MoLeR molecular generator
cpd_748,string,,Generated molecule index 748 using the MoLeR molecular generator
cpd_749,string,,Generated molecule index 749 using the MoLeR molecular generator
cpd_750,string,,Generated molecule index 750 using the MoLeR molecular generator
cpd_751,string,,Generated molecule index 751 using the MoLeR molecular generator
cpd_752,string,,Generated molecule index 752 using the MoLeR molecular generator
cpd_753,string,,Generated molecule index 753 using the MoLeR molecular generator
cpd_754,string,,Generated molecule index 754 using the MoLeR molecular generator
cpd_755,string,,Generated molecule index 755 using the MoLeR molecular generator
cpd_756,string,,Generated molecule index 756 using the MoLeR molecular generator
cpd_757,string,,Generated molecule index 757 using the MoLeR molecular generator
cpd_758,string,,Generated molecule index 758 using the MoLeR molecular generator
cpd_759,string,,Generated molecule index 759 using the MoLeR molecular generator
cpd_760,string,,Generated molecule index 760 using the MoLeR molecular generator
cpd_761,string,,Generated molecule index 761 using the MoLeR molecular generator
cpd_762,string,,Generated molecule index 762 using the MoLeR molecular generator
cpd_763,string,,Generated molecule index 763 using the MoLeR molecular generator
cpd_764,string,,Generated molecule index 764 using the MoLeR molecular generator
cpd_765,string,,Generated molecule index 765 using the MoLeR molecular generator
cpd_766,string,,Generated molecule index 766 using the MoLeR molecular generator
cpd_767,string,,Generated molecule index 767 using the MoLeR molecular generator
cpd_768,string,,Generated molecule index 768 using the MoLeR molecular generator
cpd_769,string,,Generated molecule index 769 using the MoLeR molecular generator
cpd_770,string,,Generated molecule index 770 using the MoLeR molecular generator
cpd_771,string,,Generated molecule index 771 using the MoLeR molecular generator
cpd_772,string,,Generated molecule index 772 using the MoLeR molecular generator
cpd_773,string,,Generated molecule index 773 using the MoLeR molecular generator
cpd_774,string,,Generated molecule index 774 using the MoLeR molecular generator
cpd_775,string,,Generated molecule index 775 using the MoLeR molecular generator
cpd_776,string,,Generated molecule index 776 using the MoLeR molecular generator
cpd_777,string,,Generated molecule index 777 using the MoLeR molecular generator
cpd_778,string,,Generated molecule index 778 using the MoLeR molecular generator
cpd_779,string,,Generated molecule index 779 using the MoLeR molecular generator
cpd_780,string,,Generated molecule index 780 using the MoLeR molecular generator
cpd_781,string,,Generated molecule index 781 using the MoLeR molecular generator
cpd_782,string,,Generated molecule index 782 using the MoLeR molecular generator
cpd_783,string,,Generated molecule index 783 using the MoLeR molecular generator
cpd_784,string,,Generated molecule index 784 using the MoLeR molecular generator
cpd_785,string,,Generated molecule index 785 using the MoLeR molecular generator
cpd_786,string,,Generated molecule index 786 using the MoLeR molecular generator
cpd_787,string,,Generated molecule index 787 using the MoLeR molecular generator
cpd_788,string,,Generated molecule index 788 using the MoLeR molecular generator
cpd_789,string,,Generated molecule index 789 using the MoLeR molecular generator
cpd_790,string,,Generated molecule index 790 using the MoLeR molecular generator
cpd_791,string,,Generated molecule index 791 using the MoLeR molecular generator
cpd_792,string,,Generated molecule index 792 using the MoLeR molecular generator
cpd_793,string,,Generated molecule index 793 using the MoLeR molecular generator
cpd_794,string,,Generated molecule index 794 using the MoLeR molecular generator
cpd_795,string,,Generated molecule index 795 using the MoLeR molecular generator
cpd_796,string,,Generated molecule index 796 using the MoLeR molecular generator
cpd_797,string,,Generated molecule index 797 using the MoLeR molecular generator
cpd_798,string,,Generated molecule index 798 using the MoLeR molecular generator
cpd_799,string,,Generated molecule index 799 using the MoLeR molecular generator
cpd_800,string,,Generated molecule index 800 using the MoLeR molecular generator
cpd_801,string,,Generated molecule index 801 using the MoLeR molecular generator
cpd_802,string,,Generated molecule index 802 using the MoLeR molecular generator
cpd_803,string,,Generated molecule index 803 using the MoLeR molecular generator
cpd_804,string,,Generated molecule index 804 using the MoLeR molecular generator
cpd_805,string,,Generated molecule index 805 using the MoLeR molecular generator
cpd_806,string,,Generated molecule index 806 using the MoLeR molecular generator
cpd_807,string,,Generated molecule index 807 using the MoLeR molecular generator
cpd_808,string,,Generated molecule index 808 using the MoLeR molecular generator
cpd_809,string,,Generated molecule index 809 using the MoLeR molecular generator
cpd_810,string,,Generated molecule index 810 using the MoLeR molecular generator
cpd_811,string,,Generated molecule index 811 using the MoLeR molecular generator
cpd_812,string,,Generated molecule index 812 using the MoLeR molecular generator
cpd_813,string,,Generated molecule index 813 using the MoLeR molecular generator
cpd_814,string,,Generated molecule index 814 using the MoLeR molecular generator
cpd_815,string,,Generated molecule index 815 using the MoLeR molecular generator
cpd_816,string,,Generated molecule index 816 using the MoLeR molecular generator
cpd_817,string,,Generated molecule index 817 using the MoLeR molecular generator
cpd_818,string,,Generated molecule index 818 using the MoLeR molecular generator
cpd_819,string,,Generated molecule index 819 using the MoLeR molecular generator
cpd_820,string,,Generated molecule index 820 using the MoLeR molecular generator
cpd_821,string,,Generated molecule index 821 using the MoLeR molecular generator
cpd_822,string,,Generated molecule index 822 using the MoLeR molecular generator
cpd_823,string,,Generated molecule index 823 using the MoLeR molecular generator
cpd_824,string,,Generated molecule index 824 using the MoLeR molecular generator
cpd_825,string,,Generated molecule index 825 using the MoLeR molecular generator
cpd_826,string,,Generated molecule index 826 using the MoLeR molecular generator
cpd_827,string,,Generated molecule index 827 using the MoLeR molecular generator
cpd_828,string,,Generated molecule index 828 using the MoLeR molecular generator
cpd_829,string,,Generated molecule index 829 using the MoLeR molecular generator
cpd_830,string,,Generated molecule index 830 using the MoLeR molecular generator
cpd_831,string,,Generated molecule index 831 using the MoLeR molecular generator
cpd_832,string,,Generated molecule index 832 using the MoLeR molecular generator
cpd_833,string,,Generated molecule index 833 using the MoLeR molecular generator
cpd_834,string,,Generated molecule index 834 using the MoLeR molecular generator
cpd_835,string,,Generated molecule index 835 using the MoLeR molecular generator
cpd_836,string,,Generated molecule index 836 using the MoLeR molecular generator
cpd_837,string,,Generated molecule index 837 using the MoLeR molecular generator
cpd_838,string,,Generated molecule index 838 using the MoLeR molecular generator
cpd_839,string,,Generated molecule index 839 using the MoLeR molecular generator
cpd_840,string,,Generated molecule index 840 using the MoLeR molecular generator
cpd_841,string,,Generated molecule index 841 using the MoLeR molecular generator
cpd_842,string,,Generated molecule index 842 using the MoLeR molecular generator
cpd_843,string,,Generated molecule index 843 using the MoLeR molecular generator
cpd_844,string,,Generated molecule index 844 using the MoLeR molecular generator
cpd_845,string,,Generated molecule index 845 using the MoLeR molecular generator
cpd_846,string,,Generated molecule index 846 using the MoLeR molecular generator
cpd_847,string,,Generated molecule index 847 using the MoLeR molecular generator
cpd_848,string,,Generated molecule index 848 using the MoLeR molecular generator
cpd_849,string,,Generated molecule index 849 using the MoLeR molecular generator
cpd_850,string,,Generated molecule index 850 using the MoLeR molecular generator
cpd_851,string,,Generated molecule index 851 using the MoLeR molecular generator
cpd_852,string,,Generated molecule index 852 using the MoLeR molecular generator
cpd_853,string,,Generated molecule index 853 using the MoLeR molecular generator
cpd_854,string,,Generated molecule index 854 using the MoLeR molecular generator
cpd_855,string,,Generated molecule index 855 using the MoLeR molecular generator
cpd_856,string,,Generated molecule index 856 using the MoLeR molecular generator
cpd_857,string,,Generated molecule index 857 using the MoLeR molecular generator
cpd_858,string,,Generated molecule index 858 using the MoLeR molecular generator
cpd_859,string,,Generated molecule index 859 using the MoLeR molecular generator
cpd_860,string,,Generated molecule index 860 using the MoLeR molecular generator
cpd_861,string,,Generated molecule index 861 using the MoLeR molecular generator
cpd_862,string,,Generated molecule index 862 using the MoLeR molecular generator
cpd_863,string,,Generated molecule index 863 using the MoLeR molecular generator
cpd_864,string,,Generated molecule index 864 using the MoLeR molecular generator
cpd_865,string,,Generated molecule index 865 using the MoLeR molecular generator
cpd_866,string,,Generated molecule index 866 using the MoLeR molecular generator
cpd_867,string,,Generated molecule index 867 using the MoLeR molecular generator
cpd_868,string,,Generated molecule index 868 using the MoLeR molecular generator
cpd_869,string,,Generated molecule index 869 using the MoLeR molecular generator
cpd_870,string,,Generated molecule index 870 using the MoLeR molecular generator
cpd_871,string,,Generated molecule index 871 using the MoLeR molecular generator
cpd_872,string,,Generated molecule index 872 using the MoLeR molecular generator
cpd_873,string,,Generated molecule index 873 using the MoLeR molecular generator
cpd_874,string,,Generated molecule index 874 using the MoLeR molecular generator
cpd_875,string,,Generated molecule index 875 using the MoLeR molecular generator
cpd_876,string,,Generated molecule index 876 using the MoLeR molecular generator
cpd_877,string,,Generated molecule index 877 using the MoLeR molecular generator
cpd_878,string,,Generated molecule index 878 using the MoLeR molecular generator
cpd_879,string,,Generated molecule index 879 using the MoLeR molecular generator
cpd_880,string,,Generated molecule index 880 using the MoLeR molecular generator
cpd_881,string,,Generated molecule index 881 using the MoLeR molecular generator
cpd_882,string,,Generated molecule index 882 using the MoLeR molecular generator
cpd_883,string,,Generated molecule index 883 using the MoLeR molecular generator
cpd_884,string,,Generated molecule index 884 using the MoLeR molecular generator
cpd_885,string,,Generated molecule index 885 using the MoLeR molecular generator
cpd_886,string,,Generated molecule index 886 using the MoLeR molecular generator
cpd_887,string,,Generated molecule index 887 using the MoLeR molecular generator
cpd_888,string,,Generated molecule index 888 using the MoLeR molecular generator
cpd_889,string,,Generated molecule index 889 using the MoLeR molecular generator
cpd_890,string,,Generated molecule index 890 using the MoLeR molecular generator
cpd_891,string,,Generated molecule index 891 using the MoLeR molecular generator
cpd_892,string,,Generated molecule index 892 using the MoLeR molecular generator
cpd_893,string,,Generated molecule index 893 using the MoLeR molecular generator
cpd_894,string,,Generated molecule index 894 using the MoLeR molecular generator
cpd_895,string,,Generated molecule index 895 using the MoLeR molecular generator
cpd_896,string,,Generated molecule index 896 using the MoLeR molecular generator
cpd_897,string,,Generated molecule index 897 using the MoLeR molecular generator
cpd_898,string,,Generated molecule index 898 using the MoLeR molecular generator
cpd_899,string,,Generated molecule index 899 using the MoLeR molecular generator
cpd_900,string,,Generated molecule index 900 using the MoLeR molecular generator
cpd_901,string,,Generated molecule index 901 using the MoLeR molecular generator
cpd_902,string,,Generated molecule index 902 using the MoLeR molecular generator
cpd_903,string,,Generated molecule index 903 using the MoLeR molecular generator
cpd_904,string,,Generated molecule index 904 using the MoLeR molecular generator
cpd_905,string,,Generated molecule index 905 using the MoLeR molecular generator
cpd_906,string,,Generated molecule index 906 using the MoLeR molecular generator
cpd_907,string,,Generated molecule index 907 using the MoLeR molecular generator
cpd_908,string,,Generated molecule index 908 using the MoLeR molecular generator
cpd_909,string,,Generated molecule index 909 using the MoLeR molecular generator
cpd_910,string,,Generated molecule index 910 using the MoLeR molecular generator
cpd_911,string,,Generated molecule index 911 using the MoLeR molecular generator
cpd_912,string,,Generated molecule index 912 using the MoLeR molecular generator
cpd_913,string,,Generated molecule index 913 using the MoLeR molecular generator
cpd_914,string,,Generated molecule index 914 using the MoLeR molecular generator
cpd_915,string,,Generated molecule index 915 using the MoLeR molecular generator
cpd_916,string,,Generated molecule index 916 using the MoLeR molecular generator
cpd_917,string,,Generated molecule index 917 using the MoLeR molecular generator
cpd_918,string,,Generated molecule index 918 using the MoLeR molecular generator
cpd_919,string,,Generated molecule index 919 using the MoLeR molecular generator
cpd_920,string,,Generated molecule index 920 using the MoLeR molecular generator
cpd_921,string,,Generated molecule index 921 using the MoLeR molecular generator
cpd_922,string,,Generated molecule index 922 using the MoLeR molecular generator
cpd_923,string,,Generated molecule index 923 using the MoLeR molecular generator
cpd_924,string,,Generated molecule index 924 using the MoLeR molecular generator
cpd_925,string,,Generated molecule index 925 using the MoLeR molecular generator
cpd_926,string,,Generated molecule index 926 using the MoLeR molecular generator
cpd_927,string,,Generated molecule index 927 using the MoLeR molecular generator
cpd_928,string,,Generated molecule index 928 using the MoLeR molecular generator
cpd_929,string,,Generated molecule index 929 using the MoLeR molecular generator
cpd_930,string,,Generated molecule index 930 using the MoLeR molecular generator
cpd_931,string,,Generated molecule index 931 using the MoLeR molecular generator
cpd_932,string,,Generated molecule index 932 using the MoLeR molecular generator
cpd_933,string,,Generated molecule index 933 using the MoLeR molecular generator
cpd_934,string,,Generated molecule index 934 using the MoLeR molecular generator
cpd_935,string,,Generated molecule index 935 using the MoLeR molecular generator
cpd_936,string,,Generated molecule index 936 using the MoLeR molecular generator
cpd_937,string,,Generated molecule index 937 using the MoLeR molecular generator
cpd_938,string,,Generated molecule index 938 using the MoLeR molecular generator
cpd_939,string,,Generated molecule index 939 using the MoLeR molecular generator
cpd_940,string,,Generated molecule index 940 using the MoLeR molecular generator
cpd_941,string,,Generated molecule index 941 using the MoLeR molecular generator
cpd_942,string,,Generated molecule index 942 using the MoLeR molecular generator
cpd_943,string,,Generated molecule index 943 using the MoLeR molecular generator
cpd_944,string,,Generated molecule index 944 using the MoLeR molecular generator
cpd_945,string,,Generated molecule index 945 using the MoLeR molecular generator
cpd_946,string,,Generated molecule index 946 using the MoLeR molecular generator
cpd_947,string,,Generated molecule index 947 using the MoLeR molecular generator
cpd_948,string,,Generated molecule index 948 using the MoLeR molecular generator
cpd_949,string,,Generated molecule index 949 using the MoLeR molecular generator
cpd_950,string,,Generated molecule index 950 using the MoLeR molecular generator
cpd_951,string,,Generated molecule index 951 using the MoLeR molecular generator
cpd_952,string,,Generated molecule index 952 using the MoLeR molecular generator
cpd_953,string,,Generated molecule index 953 using the MoLeR molecular generator
cpd_954,string,,Generated molecule index 954 using the MoLeR molecular generator
cpd_955,string,,Generated molecule index 955 using the MoLeR molecular generator
cpd_956,string,,Generated molecule index 956 using the MoLeR molecular generator
cpd_957,string,,Generated molecule index 957 using the MoLeR molecular generator
cpd_958,string,,Generated molecule index 958 using the MoLeR molecular generator
cpd_959,string,,Generated molecule index 959 using the MoLeR molecular generator
cpd_960,string,,Generated molecule index 960 using the MoLeR molecular generator
cpd_961,string,,Generated molecule index 961 using the MoLeR molecular generator
cpd_962,string,,Generated molecule index 962 using the MoLeR molecular generator
cpd_963,string,,Generated molecule index 963 using the MoLeR molecular generator
cpd_964,string,,Generated molecule index 964 using the MoLeR molecular generator
cpd_965,string,,Generated molecule index 965 using the MoLeR molecular generator
cpd_966,string,,Generated molecule index 966 using the MoLeR molecular generator
cpd_967,string,,Generated molecule index 967 using the MoLeR molecular generator
cpd_968,string,,Generated molecule index 968 using the MoLeR molecular generator
cpd_969,string,,Generated molecule index 969 using the MoLeR molecular generator
cpd_970,string,,Generated molecule index 970 using the MoLeR molecular generator
cpd_971,string,,Generated molecule index 971 using the MoLeR molecular generator
cpd_972,string,,Generated molecule index 972 using the MoLeR molecular generator
cpd_973,string,,Generated molecule index 973 using the MoLeR molecular generator
cpd_974,string,,Generated molecule index 974 using the MoLeR molecular generator
cpd_975,string,,Generated molecule index 975 using the MoLeR molecular generator
cpd_976,string,,Generated molecule index 976 using the MoLeR molecular generator
cpd_977,string,,Generated molecule index 977 using the MoLeR molecular generator
cpd_978,string,,Generated molecule index 978 using the MoLeR molecular generator
cpd_979,string,,Generated molecule index 979 using the MoLeR molecular generator
cpd_980,string,,Generated molecule index 980 using the MoLeR molecular generator
cpd_981,string,,Generated molecule index 981 using the MoLeR molecular generator
cpd_982,string,,Generated molecule index 982 using the MoLeR molecular generator
cpd_983,string,,Generated molecule index 983 using the MoLeR molecular generator
cpd_984,string,,Generated molecule index 984 using the MoLeR molecular generator
cpd_985,string,,Generated molecule index 985 using the MoLeR molecular generator
cpd_986,string,,Generated molecule index 986 using the MoLeR molecular generator
cpd_987,string,,Generated molecule index 987 using the MoLeR molecular generator
cpd_988,string,,Generated molecule index 988 using the MoLeR molecular generator
cpd_989,string,,Generated molecule index 989 using the MoLeR molecular generator
cpd_990,string,,Generated molecule index 990 using the MoLeR molecular generator
cpd_991,string,,Generated molecule index 991 using the MoLeR molecular generator
cpd_992,string,,Generated molecule index 992 using the MoLeR molecular generator
cpd_993,string,,Generated molecule index 993 using the MoLeR molecular generator
cpd_994,string,,Generated molecule index 994 using the MoLeR molecular generator
cpd_995,string,,Generated molecule index 995 using the MoLeR molecular generator
cpd_996,string,,Generated molecule index 996 using the MoLeR molecular generator
cpd_997,string,,Generated molecule index 997 using the MoLeR molecular generator
cpd_998,string,,Generated molecule index 998 using the MoLeR molecular generator
cpd_999,string,,Generated molecule index 999 using the MoLeR molecular generator
